ir0,ir1,ir2,ir3,ir4,ir5,ir6,ir7,angle,turn,move
100,46.56854249492384,100,32.42640687119281,20.0,32.42640687119277,20.0,32.42640687119277,46.73570458892837,0,5
100,39.497474683058364,100,39.497474683058286,25.0,32.42640687119277,20.0,32.42640687119277,47.035034456859904,0,5
100,32.426406871192896,100,46.56854249492376,30.0,32.42640687119277,20.0,32.42640687119277,47.3373058591238,0,5
100,32.42640687119277,100,53.639610306789244,35.0,32.42640687119277,20.0,32.42640687119277,47.64254529406472,0,5
100,32.42640687119277,100,60.71067811865471,40.0,32.42640687119277,20.0,32.42640687119277,47.95077910900636,0,5
100,32.42640687119277,100,67.78174593052019,45.0,32.42640687119277,20.0,32.42640687119277,48.262033477396756,0,5
100,32.42640687119277,100,74.8528137423857,50.0,32.42640687119277,20.0,32.42640687119277,48.576334374997344,0,5
100,32.42640687119277,100,81.92388155425117,55.00000000000001,32.42640687119277,20.0,32.42640687119277,48.89370755509714,0,5
100,32.42640687119277,20.0,88.99494936611664,60.0,32.42640687119277,20.0,32.42640687119277,49.214178522734045,0,5
100,46.56854249492384,100,32.42640687119281,20.0,32.42640687119277,20.0,32.42640687119277,46.73570458892837,0,5
100,39.497474683058364,100,39.497474683058286,25.0,32.42640687119277,20.0,32.42640687119277,47.035034456859904,0,5
100,32.426406871192896,100,46.56854249492376,30.0,32.42640687119277,20.0,32.42640687119277,47.3373058591238,0,5
100,32.42640687119277,100,53.639610306789244,35.0,32.42640687119277,20.0,32.42640687119277,47.64254529406472,0,5
100,32.42640687119277,100,60.71067811865471,40.0,32.42640687119277,20.0,32.42640687119277,47.95077910900636,0,5
100,32.42640687119277,100,67.78174593052019,45.0,32.42640687119277,20.0,32.42640687119277,48.262033477396756,0,5
100,32.42640687119277,100,74.8528137423857,50.0,32.42640687119277,20.0,32.42640687119277,48.576334374997344,0,5
100,32.42640687119277,100,81.92388155425117,55.00000000000001,32.42640687119277,20.0,32.42640687119277,48.89370755509714,0,5
100,32.42640687119277,20.0,88.99494936611664,60.0,32.42640687119277,20.0,32.42640687119277,49.214178522734045,0,5
100,32.42640687119277,20.0,96.06601717798213,65.0,32.42640687119277,20.0,32.42640687119277,49.537772507906624,0,5
100,32.42640687119277,20.0,100,70.0,32.42640687119277,20.0,32.42640687119277,49.864514437760505,0,5
100,32.42640687119277,20.0,100,75.0,32.42640687119277,20.0,32.42640687119277,50.19442890773479,0,5
100,32.42640687119277,20.0,100,80.0,32.42640687119277,20.0,32.42640687119277,50.527540151656154,0,5
100,32.42640687119277,20.0,100,85.0,32.42640687119277,20.0,32.42640687119277,50.863872010768944,0,5
100,32.42640687119277,20.0,100,90.0,32.42640687119277,20.0,32.42640687119277,51.20344790169182,0,5
100,32.42640687119277,20.0,32.42640687119293,95.0,32.42640687119277,20.0,32.42640687119277,51.54629078329404,0,5
100,32.42640687119277,20.0,32.42640687119293,100,32.42640687119277,20.0,32.42640687119277,51.89242312248513,0,5
100,32.42640687119277,20.0,32.42640687119293,100,32.42640687119277,20.0,32.42640687119277,52.2418668589162,0,5
100,32.42640687119277,20.0,32.42640687119293,100,32.42640687119277,20.0,32.42640687119277,52.594643368591434,0,5
100,32.42640687119277,20.0,32.42640687119293,100,32.42640687119277,20.0,32.42640687119277,52.950773426392985,0,5
100,32.42640687119277,20.0,32.42640687119293,100,32.42640687119277,20.0,32.42640687119277,53.31027716752419,0,5
100,100,20.0,32.42640687119293,100,32.42640687119277,20.0,32.42640687119277,53.67317404787977,0,5
100,100,20.0,32.42640687119293,100,32.42640687119277,20.0,32.42640687119277,54.03948280335513,0,5
100,100,20.0,32.42640687119293,100,32.42640687119277,20.0,32.42640687119277,54.40922140811017,0,5
100,100,20.0,32.42640687119293,100,32.42640687119277,20.0,32.42640687119277,54.78240703180728,0,5
100,100,20.0,32.42640687119293,100,32.42640687119277,20.0,32.42640687119277,55.1590559958468,0,5
100,100,20.0,32.42640687119293,100,32.42640687119277,20.0,32.42640687119277,55.53918372862822,0,5
100,100,100,32.42640687119293,100,32.42640687119277,20.0,32.42640687119277,55.92280471986926,0,5
100,100,100,32.42640687119293,100,32.42640687119277,20.0,32.42640687119277,56.309932474020215,0,5
100,100,100,32.42640687119293,100,32.42640687119277,20.0,32.42640687119277,56.700579462815824,0,5
100,100,100,32.42640687119293,100,32.42640687119277,20.0,32.42640687119277,57.09475707701209,0,5
100,100,100,32.42640687119293,100,32.42640687119277,20.0,32.42640687119277,57.49247557736108,0,5
100,100,100,32.42640687119293,100,32.42640687119277,20.0,32.42640687119277,57.89374404488217,0,5
100,100,100,39.497474683058286,100,32.42640687119277,20.0,32.42640687119277,58.29857033049427,0,5
100,100,100,46.56854249492376,100,32.42640687119277,20.0,32.42640687119277,58.70696100407979,0,5
100,100,100,53.639610306789244,100,32.42640687119277,20.0,32.42640687119277,59.11892130305638,0,5
100,100,100,60.71067811865479,100,32.42640687119277,20.0,32.42640687119277,59.53445508054011,0,5
100,100,100,67.78174593052027,100,32.42640687119277,20.0,32.42640687119277,59.9535647531895,0,5
100,100,100,74.8528137423857,100,32.42640687119277,20.0,32.42640687119277,60.37625124882619,0,5
100,100,100,81.92388155425118,100,32.42640687119277,20.0,32.42640687119277,60.80251395393552,0,5
100,100,100,88.99494936611666,100,32.42640687119277,20.0,32.42640687119277,61.23235066115619,0,5
100,100,100,96.06601717798213,100,32.42640687119277,20.0,32.42640687119277,61.6657575168754,0,5
100,100,100,100,100,32.42640687119277,20.0,32.42640687119277,62.102728969052365,0,5
95.0,100,100,100,100,32.42640687119277,20.0,32.42640687119277,62.54325771540012,0,5
90.0,100,100,100,100,32.42640687119277,20.0,32.42640687119277,62.98733465206146,0,5
85.0,100,100,100,100,32.42640687119277,20.0,32.42640687119277,63.43494882292201,0,5
80.0,100,100,100,100,32.42640687119277,20.0,32.42640687119277,63.8860873697093,0,5
75.0,100,100,100,100,32.42640687119277,20.0,32.42640687119277,64.34073548303265,0,5
70.0,100,100,100,100,32.42640687119277,20.0,32.42640687119277,64.79887635452492,0,5
65.0,100,100,100,100,32.42640687119277,20.0,32.42640687119277,65.26049113025188,0,5
60.0,100,100,100,100,32.42640687119277,20.0,32.42640687119277,65.72555886556054,0,5
55.0,100,100,100,100,32.42640687119277,20.0,32.42640687119277,66.19405648154228,0,5
50.0,100,100,100,100,32.42640687119277,20.0,32.42640687119277,66.66595872329022,5,0
50.22919025260085,100,100,100,100,29.162218679968277,20.11459512630043,36.67171480581241,61.66595872329022,5,0
50.92559671314473,100,100,100,100,26.623237662843707,20.462798356572378,42.30340386863286,56.66595872329022,5,0
52.11657082460501,100,100,100,100,24.641016151377492,21.05828541230245,50.00000000000002,51.6659587232902,5,0
100,100,100,100,77.71413200489246,23.101337568874694,21.925333174277334,56.202675137749516,46.6659587232902,5,0
100,100,100,100,60.98604749457507,21.925333174277334,23.101337568874822,53.85066634855469,41.6659587232902,5,0
100,100,100,100,50.00000000000002,21.05828541230245,24.641016151377492,52.11657082460501,36.6659587232902,5,0
100,100,100,100,42.30340386863286,20.462798356572378,26.623237662843707,50.92559671314473,31.665958723290203,5,0
100,100,100,100,36.67171480581241,20.11459512630043,29.162218679968277,50.22919025260085,26.665958723290203,5,0
100,100,100,100,32.42640687119277,20.0,32.42640687119277,50.0,21.665958723290203,5,0
100,100,100,100,29.162218679968277,20.11459512630043,36.67171480581241,50.22919025260085,16.665958723290203,5,0
100,100,100,100,26.623237662843707,20.462798356572378,42.30340386863286,50.92559671314473,11.665958723290203,5,0
100,100,100,100,24.641016151377492,21.05828541230245,50.00000000000002,52.11657082460501,6.665958723290203,5,0
100,100,100,77.71413200489246,23.101337568874694,21.925333174277334,56.202675137749516,100,1.6659587232902027,0,5
100,100,100,90.96346548309182,28.101337568874783,26.747696184208603,53.87113684697452,100,1.681089841899393,0,5
100,100,100,100,33.101337568874875,31.570059194139873,51.53959855619958,100,1.6964982563783337,0,5
100,100,100,100,38.10133756887497,36.39242220407114,49.208060265424585,100,1.7121916575972023,0,5
100,100,100,100,43.10133756887506,41.214785214002404,46.876521974649634,100,1.7281780234039275,0,5
100,100,100,100,48.10133756887515,46.037148223933684,44.54498368387469,100,1.744465632131437,0,5
100,100,100,100,53.101337568875245,50.85951123386495,42.21344539309969,100,1.7610630768746773,0,5
100,100,100,100,58.10133756887535,55.681874243796216,39.881907102324746,100,1.7779792805893635,0,5
100,100,100,100,63.101337568875444,60.50423725372747,37.55036881154975,100,1.7952235120681053,0,5
100,100,100,100,68.10133756887554,65.32660026365873,39.17877975988206,100,1.812805402853371,0,5
100,100,100,100,73.10133756887562,70.14896327359,49.90131436243006,100,1.8307349651530558,0,5
100,100,100,100,78.10133756887572,74.97132628352128,60.62384896497805,100,1.8490226108276033,0,5
100,100,100,100,83.1013375688758,79.79368929345254,71.34638356752605,100,1.8676791715246566,0,5
100,100,100,100,88.1013375688759,84.61605230338381,100,100,1.8867159200432582,0,5
100,100,100,100,93.10133756887599,78.93254468111489,100,100,1.9061445930153695,0,5
100,100,100,100,98.10133756887615,72.75427901478135,100,100,1.9259774150009719,0,5
100,100,100,100,100,66.5760133484477,100,100,1.9462271241002895,0,5
100,100,100,100,100,60.39774768211416,100,100,1.9669069991958281,0,5
100,100,100,100,100,55.51897872924455,100,100,1.9880308889465823,0,5
100,100,100,100,100,60.34134173917581,100,100,2.009613242666717,0,5
100,95.74651657179793,100,100,100,65.16370474910707,100,100,2.031669143234126,0,5
100,90.92415356186666,100,100,100,69.98606775903835,100,100,2.054214342185105,0,5
100,86.10179055193538,100,100,100,74.80843076896961,100,100,2.0772652971672017,0,5
100,81.27942754200411,100,100,100,79.63079377890088,100,100,2.100839211936602,0,5
100,76.45706453207285,100,100,100,84.45315678883215,100,100,2.1249540791042136,0,5
100,71.63470152214158,100,100,100,89.27551979876341,100,100,2.1496287258535176,0,5
100,66.81233851221032,100,100,100,94.09788280869469,100,100,2.174882862873062,0,5
100,61.98997550227905,100,100,100,98.92024581862596,100,100,2.2007371367713233,0,5
100,57.16761249234778,100,100,100,100,100,100,2.2272131862658853,0,5
100,52.345249482416506,100,100,100,100,100,100,2.254333702467534,0,5
100,47.52288647248524,100,100,100,100,100,100,2.2821224936120075,0,5
100,49.95503764900248,100,100,100,100,100,100,2.3106045546263942,0,5
100,56.13330331533612,96.45719351743892,100,100,100,100,100,2.3398061419566147,0,5
100,62.31156898166967,85.73465891489087,100,100,100,100,100,2.369754854125972,0,5
100,68.48983464800332,75.01212431234293,100,100,100,100,100,2.4004797185430107,0,5
100,74.66810031433687,64.28958970979494,100,100,100,100,100,2.4320112851314946,0,5
100,80.84636598067051,53.56705510724694,100,100,100,100,100,2.4643817274156277,0,5
100,100,42.84452050469894,100,100,100,100,100,2.4976249517623614,0,5
100,100,32.121985902150946,100,100,100,100,100,2.531776715558408,0,5
100,100,31.2779869869116,100,100,100,100,100,2.566874755185495,0,5
100,100,33.60952527768657,100,100,100,100,100,2.602958924754944,0,5
100,100,35.941063568461544,100,100,100,100,100,2.6400713466702257,0,5
100,100,38.27260185923651,100,100,100,100,100,2.678256575211037,0,5
100,100,40.60414015001148,100,100,100,100,100,2.7175617744699707,0,5
100,100,42.935678440786454,100,100,100,100,100,2.758036912132468,0,5
100,100,45.267216731561426,100,100,100,100,100,2.799734970768469,0,5
100,100,47.59875502233637,100,100,100,100,100,2.842712178509487,0,5
100,100,49.93029331311134,47.80112592949477,100,100,100,100,2.8870282612157894,0,5
100,100,52.261831603886314,50.04983073142903,100,100,100,100,2.9327467185046885,0,5
100,100,54.59336989466128,52.29853553336332,100,100,100,100,2.979935126313279,0,5
100,100,100,54.54724033529758,100,100,100,100,3.0286654690178807,0,5
100,100,100,56.79594513723186,100,100,100,100,3.0790145045301074,0,5
100,100,100,59.04464993916614,100,100,100,100,3.131064166250951,0,5
100,100,100,61.2933547411004,100,100,100,100,3.1849020062927025,0,5
100,100,100,63.54205954303469,100,100,100,100,3.240621684993414,0,5
100,100,100,65.79076434496895,100,100,100,100,3.2983235124569035,0,5
100,100,100,68.03946914690323,100,100,100,100,3.3581150486793376,5,0
100,100,100,70.91413793008606,100,100,100,100,-1.6418849513206624,5,0
100,100,100,74.67778539398115,100,100,100,100,-6.641884951320662,5,0
100,100,100,79.52320121601636,100,100,100,100,-11.641884951320662,5,0
100,100,100,85.72958063479464,100,100,100,100,-16.641884951320662,5,0
100,100,100,100,100,100,100,100,-21.641884951320662,5,0
100,100,63.6132338667003,100,100,100,100,100,-26.641884951320662,5,0
100,100,64.46439476445259,100,100,100,100,100,-31.641884951320662,5,0
100,100,65.92002542175376,100,100,100,100,100,-36.64188495132066,5,0
100,100,68.03946914690323,100,100,100,100,100,-41.64188495132066,5,0
100,100,70.91413793008606,100,100,100,100,100,-46.64188495132066,0,5
100,100,68.58259963931108,100,100,100,100,100,-47.406962466320806,0,5
100,100,66.25106134853611,100,100,100,100,100,-48.19129548635817,0,5
100,100,63.91952305776116,100,100,100,100,100,-48.99531493962013,0,5
100,100,61.58798476698619,100,100,100,100,100,-49.81944262923321,0,5
100,100,59.256446476211224,100,100,100,100,100,-50.66408842298864,0,5
100,100,63.24674956985097,100,100,100,100,100,-51.5296471639943,0,5
100,100,73.96928417239896,100,100,100,100,100,-52.41649529363082,0,5
100,100,84.69181877494697,100,100,100,100,100,-53.324987181348945,0,5
100,100,95.41435337749496,100,100,100,100,100,-54.255451159818165,0,5
100,100,100,100,100,100,100,97.39515033490115,-55.20818526879299,0,5
100,100,100,100,100,100,100,92.57278732496988,-56.18345271687406,0,5
100,100,100,100,100,100,100,98.25088270252319,-57.181477077155705,0,5
100,100,100,100,100,100,100,100,-58.20243724058889,0,5
100,100,100,100,100,100,100,100,-59.24646215973337,0,5
100,100,100,100,100,100,100,100,-60.31362542536931,0,5
100,100,100,100,100,100,100,100,-61.40393972906105,0,5
100,100,100,99.38116297967123,100,100,100,100,-62.517351276038596,0,5
100,100,100,93.20289731333764,100,100,100,100,-63.65373422442053,0,5
100,100,100,87.02463164700407,100,100,100,100,-64.8128852385147,0,5
100,100,100,90.45514563579695,100,100,100,100,-65.99451825526586,0,5
100,100,100,95.27750864572808,100,100,100,100,-67.19825957337719,0,5
100,100,100,100,100,100,100,100,-68.42364338363558,0,5
100,100,100,100,100,100,89.40039965971191,100,-69.67010786588116,0,5
100,100,100,100,100,100,78.67786505716428,100,-70.9369919822206,0,5
100,100,100,100,100,100,67.9553304546166,100,-72.22353309682444,0,5
100,100,100,100,100,100,63.492980741874895,100,-73.52886554935287,0,5
100,100,100,100,100,100,65.82451903264987,100,-74.85202030119916,0,5
100,100,100,100,100,100,68.15605732342483,100,-76.1919257609373,0,5
100,100,100,100,100,100,70.4875956141998,100,-77.54740987743776,0,5
100,100,100,100,100,100,72.81913390497476,100,-78.91720356612296,0,5
100,100,100,100,100,100,75.15067219574973,100,-80.29994550613026,0,5
100,100,100,100,100,100,77.4822104865247,100,-81.69418831437918,0,5
100,100,100,100,100,100,79.81374877729966,100,-83.09840606765698,0,5
100,100,100,100,100,100,82.14528706807464,100,-84.51100310709285,0,5
100,100,100,100,100,100,84.47682535884961,100,-85.9303240222377,0,5
100,100,100,100,100,100,86.80836364962457,100,-87.35466467605204,0,5
100,100,100,100,100,100,89.13990194039954,100,-88.7822840990965,0,5
100,89.51267712428917,100,100,100,100,91.47144023117451,100,-90.21141705276665,0,5
100,76.2633436460902,100,100,100,100,100,100,-91.64028703897662,-5,0
100,73.77126770167412,100,100,100,100,90.1151287889859,100,-86.64028703897662,-5,0
100,77.66781195584521,100,100,100,100,87.39614077146211,100,-81.64028703897662,-5,0
100,82.6843224982224,100,100,100,100,85.52874402571315,100,-76.64028703897662,-5,0
100,89.10985312919655,100,100,100,100,84.4368083189465,100,-71.64028703897662,-5,0
100,97.37070307904361,100,100,100,100,84.07744775204094,100,-66.64028703897662,-5,0
100,100,100,100,100,100,84.4368083189465,100,-61.64028703897662,-5,0
100,100,100,100,100,100,85.52874402571315,100,-56.64028703897662,-5,0
100,100,100,100,100,100,87.39614077146211,100,-51.64028703897662,-5,0
100,100,76.2633436460902,100,100,100,100,100,-46.64028703897662,-5,0
100,100,73.77126770167412,100,100,100,100,90.1151287889859,-41.64028703897662,-5,0
100,100,77.66781195584521,100,100,100,100,87.39614077146211,-36.64028703897662,-5,0
100,100,82.6843224982224,100,100,100,100,85.52874402571315,-31.640287038976624,-5,0
100,100,89.10985312919655,100,100,100,100,84.4368083189465,-26.640287038976624,-5,0
100,100,97.37070307904361,100,100,100,100,84.07744775204094,-21.640287038976624,-5,0
100,100,100,100,100,100,100,84.4368083189465,-16.640287038976624,-5,0
100,100,100,100,100,100,100,85.52874402571315,-11.640287038976624,-5,0
100,100,100,100,100,100,100,87.39614077146211,-6.6402870389766235,0,5
100,100,100,94.33467578435236,100,100,100,82.91326341062195,-6.809694825709585,0,5
100,100,100,84.67541752146168,100,100,100,78.43038604978179,-6.9879288010824325,0,5
100,100,100,82.04944198077256,100,100,100,73.94750868894161,-7.175693448201855,0,5
100,100,100,86.53231934161272,100,100,100,69.46463132810143,-7.373769837404041,0,5
100,100,100,91.0151967024529,100,100,100,64.98175396726127,-7.583026259325607,0,5
100,100,100,95.49807406329306,100,100,100,60.498876606421106,-7.804430667939073,0,5
100,100,100,99.98095142413324,100,100,100,56.01599924558093,-8.039065300772108,0,5
100,100,100,100,100,100,100,51.533121884740765,-8.288143930504475,0,5
100,100,100,100,100,100,100,47.050244523900595,-8.55303231276605,0,5
100,100,100,100,100,100,100,42.567367163060425,-8.835272536544835,0,5
100,100,100,100,100,100,100,38.084489802220254,-9.1366121659712,0,5
100,100,100,100,100,100,100,33.601612441380084,-9.459039298677908,0,5
100,100,100,100,100,100,100,29.118735080539913,-9.804824974613439,0,5
100,98.19029610076164,100,100,100,100,56.911338974263124,24.635857719699747,-10.176574775107383,0,5
100,95.60210564973646,100,100,100,100,48.25108493641893,20.15298035885958,-10.57729198981906,0,5
100,93.01391519871125,100,100,100,100,39.590830898574715,15.670102998019408,-11.010455447407935,0,5
100,90.42572474768603,100,100,100,100,30.930576860730525,11.187225637179235,-11.480116072658575,0,5
100,87.83753429666083,99.12359007555169,100,100,100,22.270322822886335,11.235681633226411,-11.991017545425223,0,5
100,85.24934384563562,96.23683872960356,100,100,100,13.61006878504213,20.894939896117112,-12.54874823414741,0,5
100,82.66115339461042,93.35008738365545,100,100,100,4.949814747197938,30.554198159007814,-13.159934059440275,0,5
100,80.07296294358521,90.46333603770732,100,100,100,5.006717800217879,40.21345642189846,-13.832485402915268,0,5
100,77.48477249256,87.5765846917592,100,100,100,7.893469146166011,49.872714684789216,-14.57591603892962,0,5
100,74.8965820415348,84.68983334581105,100,100,8.631035999473484,10.780220492114143,59.53197294767981,-15.40175895706443,0,5
100,72.30839159050959,81.80308199986293,100,100,11.219226450498686,13.666971838062274,69.19123121057056,-16.324113776519994,0,5
100,69.72020113948439,78.9163306539148,100,100,13.807416901523904,16.553723184010405,100,-17.360374564024823,0,5
100,67.13201068845919,76.02957930796666,100,100,16.395607352549106,19.44047452995854,100,-18.532207162111888,0,5
100,64.54382023743396,73.14282796201853,100,100,18.98379780357431,22.32722587590664,100,-19.866874234963632,0,5
100,61.95562978640876,70.2560766160704,100,100,21.57198825459953,25.213977221854776,100,-21.3990474215542,0,5
100,59.36743933538355,67.36932527012226,100,100,24.16017870562473,28.100728567802907,100,-23.173302391014204,-5,0
100,61.30395586330009,63.93051468383515,100,100,25.113821384291132,26.407277212414037,100,-18.173302391014204,-5,0
100,63.93051468383515,61.3039558633001,100,100,26.407277212414037,25.113821384291132,100,-13.173302391014204,-5,0
100,67.36932527012225,59.36743933538357,100,100,28.100728567802907,24.16017870562473,55.99239768482561,-8.173302391014204,-5,0
100,71.79653780360786,58.03744279291492,100,100,30.280921072537723,23.50521839565958,47.52711713948123,-3.1733023910142037,-5,0
100,77.46725044408485,57.259744792795935,94.23940995107567,100,33.073478489142985,23.122238961538805,41.33297273496557,1.8266976089857678,0,5
100,76.89838173463505,56.8223014751663,93.56145862287438,100,33.642347198592795,23.559682279168435,42.010924063166854,1.9960453316070357,0,5
100,76.32951302518518,56.38485815753665,92.88350729467314,100,34.211215908042654,23.99712559679808,42.6888753913681,2.19998388791808,0,5
100,75.76064431573539,55.947414839907,92.20555596647185,100,34.780084617492484,24.43456891442773,43.36682671956938,2.4503098355181407,0,5
100,75.19177560628555,55.50997152227737,91.52760463827056,100,35.34895332694229,24.872012232057354,100,2.7648669893436306,0,5
100,74.62290689683576,55.072528204647746,90.84965331006933,100,35.917822036392145,25.309455549686987,100,3.1719864708196326,0,5
100,74.05403818738591,54.63508488701811,90.17170198186805,100,36.48669074584197,25.746898867316634,100,3.719505597861371,0,5
100,46.56854249492384,100,32.42640687119281,20.0,32.42640687119277,20.0,32.42640687119277,46.73570458892837,0,5
100,39.497474683058364,100,39.497474683058286,25.0,32.42640687119277,20.0,32.42640687119277,47.035034456859904,0,5
100,32.426406871192896,100,46.56854249492376,30.0,32.42640687119277,20.0,32.42640687119277,47.3373058591238,0,5
100,32.42640687119277,100,53.639610306789244,35.0,32.42640687119277,20.0,32.42640687119277,47.64254529406472,0,5
100,32.42640687119277,100,60.71067811865471,40.0,32.42640687119277,20.0,32.42640687119277,47.95077910900636,0,5
100,32.42640687119277,100,67.78174593052019,45.0,32.42640687119277,20.0,32.42640687119277,48.262033477396756,0,5
100,32.42640687119277,100,74.8528137423857,50.0,32.42640687119277,20.0,32.42640687119277,48.576334374997344,0,5
100,32.42640687119277,100,81.92388155425117,55.00000000000001,32.42640687119277,20.0,32.42640687119277,48.89370755509714,0,5
100,32.42640687119277,20.0,88.99494936611664,60.0,32.42640687119277,20.0,32.42640687119277,49.214178522734045,0,5
100,32.42640687119277,20.0,96.06601717798213,65.0,32.42640687119277,20.0,32.42640687119277,49.537772507906624,0,5
100,32.42640687119277,20.0,100,70.0,32.42640687119277,20.0,32.42640687119277,49.864514437760505,0,5
100,32.42640687119277,20.0,100,75.0,32.42640687119277,20.0,32.42640687119277,50.19442890773479,0,5
100,32.42640687119277,20.0,100,80.0,32.42640687119277,20.0,32.42640687119277,50.527540151656154,0,5
100,32.42640687119277,20.0,100,85.0,32.42640687119277,20.0,32.42640687119277,50.863872010768944,0,5
100,32.42640687119277,20.0,100,90.0,32.42640687119277,20.0,32.42640687119277,51.20344790169182,0,5
100,32.42640687119277,20.0,32.42640687119293,95.0,32.42640687119277,20.0,32.42640687119277,51.54629078329404,0,5
100,32.42640687119277,20.0,32.42640687119293,100,32.42640687119277,20.0,32.42640687119277,51.89242312248513,0,5
100,32.42640687119277,20.0,32.42640687119293,100,32.42640687119277,20.0,32.42640687119277,52.2418668589162,0,5
100,32.42640687119277,20.0,32.42640687119293,100,32.42640687119277,20.0,32.42640687119277,52.594643368591434,0,5
100,32.42640687119277,20.0,32.42640687119293,100,32.42640687119277,20.0,32.42640687119277,52.950773426392985,0,5
100,32.42640687119277,20.0,32.42640687119293,100,32.42640687119277,20.0,32.42640687119277,53.31027716752419,0,5
100,100,20.0,32.42640687119293,100,32.42640687119277,20.0,32.42640687119277,53.67317404787977,0,5
100,100,20.0,32.42640687119293,100,32.42640687119277,20.0,32.42640687119277,54.03948280335513,0,5
100,100,20.0,32.42640687119293,100,32.42640687119277,20.0,32.42640687119277,54.40922140811017,0,5
100,100,20.0,32.42640687119293,100,32.42640687119277,20.0,32.42640687119277,54.78240703180728,0,5
100,100,20.0,32.42640687119293,100,32.42640687119277,20.0,32.42640687119277,55.1590559958468,0,5
100,100,20.0,32.42640687119293,100,32.42640687119277,20.0,32.42640687119277,55.53918372862822,0,5
100,100,100,32.42640687119293,100,32.42640687119277,20.0,32.42640687119277,55.92280471986926,0,5
100,100,100,32.42640687119293,100,32.42640687119277,20.0,32.42640687119277,56.309932474020215,0,5
100,100,100,32.42640687119293,100,32.42640687119277,20.0,32.42640687119277,56.700579462815824,0,5
100,100,100,32.42640687119293,100,32.42640687119277,20.0,32.42640687119277,57.09475707701209,0,5
100,100,100,32.42640687119293,100,32.42640687119277,20.0,32.42640687119277,57.49247557736108,0,5
100,100,100,32.42640687119293,100,32.42640687119277,20.0,32.42640687119277,57.89374404488217,0,5
100,100,100,39.497474683058286,100,32.42640687119277,20.0,32.42640687119277,58.29857033049427,0,5
100,100,100,46.56854249492376,100,32.42640687119277,20.0,32.42640687119277,58.70696100407979,0,5
100,100,100,53.639610306789244,100,32.42640687119277,20.0,32.42640687119277,59.11892130305638,0,5
100,100,100,60.71067811865479,100,32.42640687119277,20.0,32.42640687119277,59.53445508054011,0,5
100,100,100,67.78174593052027,100,32.42640687119277,20.0,32.42640687119277,59.9535647531895,0,5
100,100,100,74.8528137423857,100,32.42640687119277,20.0,32.42640687119277,60.37625124882619,0,5
100,100,100,81.92388155425118,100,32.42640687119277,20.0,32.42640687119277,60.80251395393552,0,5
100,100,100,88.99494936611666,100,32.42640687119277,20.0,32.42640687119277,61.23235066115619,0,5
100,100,100,96.06601717798213,100,32.42640687119277,20.0,32.42640687119277,61.6657575168754,0,5
100,100,100,100,100,32.42640687119277,20.0,32.42640687119277,62.102728969052365,0,5
95.0,100,100,100,100,32.42640687119277,20.0,32.42640687119277,62.54325771540012,0,5
90.0,100,100,100,100,32.42640687119277,20.0,32.42640687119277,62.98733465206146,0,5
85.0,100,100,100,100,32.42640687119277,20.0,32.42640687119277,63.43494882292201,0,5
80.0,100,100,100,100,32.42640687119277,20.0,32.42640687119277,63.8860873697093,0,5
75.0,100,100,100,100,32.42640687119277,20.0,32.42640687119277,64.34073548303265,0,5
70.0,100,100,100,100,32.42640687119277,20.0,32.42640687119277,64.79887635452492,0,5
65.0,100,100,100,100,32.42640687119277,20.0,32.42640687119277,65.26049113025188,0,5
60.0,100,100,100,100,32.42640687119277,20.0,32.42640687119277,65.72555886556054,0,5
55.0,100,100,100,100,32.42640687119277,20.0,32.42640687119277,66.19405648154228,0,5
50.0,100,100,100,100,32.42640687119277,20.0,32.42640687119277,66.66595872329022,0,5
45.0,100,100,100,100,32.42640687119277,20.0,32.42640687119277,67.14123812013435,0,5
40.0,100,100,100,100,32.42640687119277,20.0,32.42640687119277,67.61986494804042,0,5
35.0,100,100,100,100,32.42640687119277,20.0,32.42640687119277,68.10180719436102,0,5
30.0,100,100,100,100,32.42640687119277,20.0,32.42640687119277,68.58703052512824,5,0
30.152793501733907,100,100,100,100,29.162218679968277,20.11459512630043,36.67171480581241,63.58703052512824,5,0
30.61706447542982,100,100,100,100,26.623237662843707,20.462798356572378,38.83098355045825,58.58703052512824,5,0
31.411047216403357,100,100,100,100,24.641016151377492,21.05828541230245,36.18802153517007,53.58703052512824,5,0
32.56711089903645,100,100,100,77.71413200489246,23.101337568874694,21.925333174277334,34.13511675849967,48.58703052512823,5,0
34.13511675849967,100,100,100,60.98604749457507,21.925333174277334,23.101337568874822,32.56711089903645,43.58703052512823,5,0
100,100,100,100,50.00000000000002,21.05828541230245,24.641016151377492,31.411047216403357,38.58703052512823,5,0
100,100,100,100,42.30340386863286,20.462798356572378,26.623237662843707,30.61706447542982,33.58703052512823,5,0
100,100,100,100,36.67171480581241,20.11459512630043,29.162218679968277,30.152793501733907,28.587030525128228,5,0
100,100,100,100,32.42640687119277,20.0,32.42640687119277,30.0,23.587030525128228,0,5
100,100,100,100,37.426406871192974,23.535533905932766,37.426406871192974,26.464466094067234,23.79804846074461,0,5
100,100,100,100,42.42640687119285,27.071067811865532,36.56854249492376,22.928932188134468,24.01265073288201,0,5
100,100,100,100,47.42640687119305,30.6066017177983,31.568542494923722,19.3933982822017,24.230923271169615,0,5
100,100,100,100,52.42640687119293,34.142135623731065,26.568542494923598,15.857864376268935,24.45295454345512,0,5
100,100,100,100,57.42640687119314,37.67766952966383,21.56854249492364,12.32233047033617,24.678835639117324,0,5
100,100,100,100,62.42640687119301,41.2132034355966,16.568542494923598,100,24.908660355006816,0,5
100,100,100,100,67.42640687119321,44.74873734152936,11.568542494923559,100,25.14252528405882,0,5
100,100,100,100,72.4264068711931,48.28427124746213,6.568542494923519,100,25.380529906617994,0,5
100,100,100,100,77.4264068711933,51.819805153394896,6.715728752538543,100,25.62277668450872,0,5
100,100,100,100,82.42640687119317,55.35533905932766,11.715728752538421,100,25.86937115787731,0,5
100,100,100,100,87.42640687119338,58.89087296526043,16.715728752538624,100,26.120422044825375,0,5
100,100,100,100,92.42640687119325,12.426406871193194,21.715728752538503,100,26.376041343842473,0,5
100,100,100,100,97.42640687119346,15.96194077712596,26.715728752538702,100,26.636344439036407,0,5
100,100,100,100,100,19.497474683058726,31.71572875253858,100,26.90145020814714,0,5
100,100,100,100,100,23.033008588991493,36.71572875253879,100,27.17148113331416,0,5
100,100,100,100,100,26.56854249492426,100,100,27.44656341455226,0,5
100,100,100,100,100,30.104076400857025,100,100,27.726827085870525,0,5
100,100,100,100,100,33.63961030678979,100,100,28.012406133948843,0,5
100,100,100,100,100,37.17514421272256,100,100,28.303438619260533,0,5
100,100,100,100,100,40.71067811865532,100,100,28.60006679950368,0,5
100,100,100,100,100,44.24621202458809,100,100,28.90243725517115,0,5
100,100,100,100,100,47.781745930520856,100,100,29.210701017055385,0,5
100,100,100,100,100,51.31727983645362,100,100,29.525013695444272,0,5
100,100,100,100,100,54.85281374238639,100,100,29.845535610720276,0,5
100,100,100,100,100,58.388347648319154,100,100,30.17243192502599,0,5
100,100,100,100,100,100,100,100,30.505872774603972,0,5
100,100,100,100,100,100,100,100,30.84603340235745,0,5
100,100,100,100,100,100,100,100,31.193094290110395,0,5
100,100,100,100,100,100,100,100,31.547241289969065,0,5
100,100,100,100,100,100,100,100,31.908665754103595,0,5
100,100,100,100,100,100,100,100,32.277564662174626,0,5
100,100,100,100,100,100,100,100,32.65414074552734,0,5
100,100,100,100,100,100,100,100,33.03860260716121,0,5
100,100,100,100,100,100,100,99.79184719828595,33.431164836359756,0,5
100,100,100,100,100,100,100,96.25631329235318,33.8320481167263,0,5
100,100,100,100,100,100,100,92.72077938642042,34.241479326221395,0,5
100,100,100,100,100,100,100,89.18524548048765,34.65969162763378,0,5
100,100,100,100,100,100,100,85.64971157455489,35.08692454773552,0,5
100,100,100,100,100,100,100,82.11417766862212,35.5234240431775,0,5
100,100,100,100,100,100,100,78.57864376268935,35.969442550968694,0,5
100,100,100,100,100,100,100,75.04310985675659,36.425239021152464,0,5
100,100,100,100,100,100,100,71.50757595082382,36.891078929045676,0,5
100,100,100,100,100,100,100,67.97204204489105,37.36723426413937,0,5
100,100,100,100,100,100,100,64.43650813895829,37.853983492474356,0,5
100,100,100,100,100,100,100,60.90097423302552,38.35161148900107,0,5
100,100,100,100,100,100,100,57.365440327092756,38.86040943610976,0,5
100,100,100,100,100,100,100,53.82990642115999,39.38067468417728,0,5
100,100,100,100,100,100,100,50.294372515227224,39.91271056961858,0,5
100,100,100,100,100,100,100,46.75883860929446,40.45682618556157,0,5
100,100,100,100,100,100,65.26911934580988,43.22330470336169,41.0133360998787,0,5
100,100,100,100,100,100,60.26911934580976,39.687770797428925,41.58256001491998,0,5
100,100,100,100,100,100,55.26911934580976,36.15223689149616,42.164822362895706,0,5
100,100,100,100,100,100,50.26911934580972,32.61670298556339,42.76045183046679,0,5
100,100,100,100,100,100,45.269119345809685,29.081169079630627,43.36978080571865,0,5
100,100,100,100,100,100,40.26911934580964,25.54563517369786,43.99314474033238,0,5
100,100,100,100,100,100,35.26911934580952,22.010101267765094,44.63088141943484,0,5
100,100,100,100,100,100,30.26911934580964,18.474567361832328,45.28333013132061,0,5
100,100,100,100,100,100,25.269119345809436,14.939033455899562,45.95083072900837,0,5
100,100,100,100,100,100,20.26911934580956,11.403499549966796,46.6337225754406,0,5
100,100,100,100,100,100,15.269119345809358,7.8679656440340295,47.33234336407875,0,5
100,100,100,100,100,100,10.269119345809479,100,48.047027806708314,0,5
100,100,100,100,100,100,5.269119345809277,100,48.77810618047829,0,5
100,100,100,100,100,100,0.9440840897871482,100,49.52590272658276,0,5
100,100,100,100,100,100,5.944084089787108,100,50.29073389358169,0,5
96.3351365237914,100,100,100,100,100,10.944084089787228,100,51.07290641918806,0,5
91.33513652379136,100,100,100,100,8.345237791562568,15.94408408978719,100,51.87271524545059,0,5
86.33513652379133,100,100,100,100,11.880771697495334,20.94408408978731,100,52.69044126367565,0,5
81.33513652379128,100,100,100,100,15.4163056034281,25.94408408978735,100,53.52634888719122,0,5
76.33513652379116,100,100,100,100,18.951839509360866,30.944084089787392,100,54.38068345219486,0,5
71.3351365237912,100,100,100,100,22.487373415293632,35.944084089787346,100,55.25366844947753,0,5
66.33513652379116,100,100,100,100,26.0229073212264,40.94408408978747,100,56.14550259279987,0,5
61.33513652379112,100,100,100,100,29.558441227159165,45.94408408978743,100,57.05635673313559,0,5
56.335136523791085,100,100,100,100,33.09397513309193,50.94408408978755,100,57.98637063189213,0,5
51.335136523790965,100,100,100,100,36.6295090390247,55.94408408978751,100,58.93564961056573,0,5
46.335136523791,100,100,100,100,40.16504294495746,100,100,59.90426109905893,5,0
44.19357269818893,100,100,100,100,40.35666525936225,100,100,54.90426109905893,5,0
50.7328942532124,100,100,100,51.240209671331236,40.93891959270108,100,100,49.90426109905894,5,0
59.669914110085074,100,100,100,47.9256020963607,41.93467405016336,100,100,44.90426109905894,5,0
72.42653053269106,100,100,100,45.35100068927121,43.38452365732329,100,100,39.90426109905894,5,0
91.85060071702537,100,100,100,43.38452365732326,45.35100068927121,100,84.25753844845339,34.90426109905894,5,0
100,100,100,100,41.93467405016336,47.9256020963607,100,69.669914110085,29.904261099058942,5,0
100,100,100,100,40.93891959270108,51.240209671331236,100,59.450128231318,24.904261099058942,5,0
100,100,100,100,40.35666525936225,55.48581273001429,100,51.9721918324909,19.904261099058942,5,0
100,100,100,100,40.16504294495746,100,100,46.335136523791,14.904261099058942,5,0
100,100,100,100,40.35666525936225,100,100,44.19357269818893,9.904261099058942,5,0
100,100,100,51.240209671331236,40.93891959270108,100,100,50.7328942532124,4.904261099058942,5,0
100,100,100,47.9256020963607,41.93467405016336,100,100,59.669914110085074,-0.09573890094105764,0,5
100,100,100,53.50237745461291,46.934674050163515,100,100,62.258104561110464,-0.0976663318597275,0,5
100,100,100,100,51.93467405016364,100,100,64.8462950121359,-0.0996729638867464,0,5
100,100,100,100,56.93467405016376,100,87.9296931207915,67.4344854631613,-0.10176378116341311,0,5
100,100,100,100,61.93467405016391,100,69.26943908294658,70.0226759141867,-0.103944194995222,0,5
100,100,100,100,66.93467405016403,100,50.609185045101746,72.61086636521213,-0.10622009061592053,0,5
100,100,100,100,71.93467405016419,100,34.102277057627994,75.19905681623754,-0.10859788023321926,0,5
100,100,100,100,76.93467405016432,100,35.44202301978371,77.78724726726297,-0.11108456336171457,0,5
100,100,100,100,81.93467405016446,100,36.781768981939436,100,-0.11368779563923681,0,5
100,100,100,100,86.93467405016449,100,38.12151494409515,100,-0.1164159675519727,0,5
100,100,100,100,91.93467405016443,100,39.46126090625087,100,-0.11927829477241403,0,5
100,100,100,100,96.9346740501644,100,40.80100686840659,100,-0.12228492216064524,0,5
100,100,100,100,100,100,42.140752830562306,100,-0.12544704390120387,0,5
100,100,100,100,100,100,43.48049879271803,100,-0.12877704277411794,0,5
100,100,100,100,100,100,44.82024475487375,100,-0.1322886522123099,0,5
100,100,100,100,100,52.63833047007877,46.159990717029466,100,-0.13599714561701148,0,5
100,100,100,100,100,54.13262292369233,47.49973667918518,100,-0.1399195584338031,0,5
100,95.4625236409415,100,100,100,55.62691537730585,48.8394826413409,100,-0.14407494980071078,0,5
100,85.80326537805088,100,100,100,57.1212078309194,50.17922860349662,100,-0.14848471224547666,0,5
100,76.14400711516022,100,100,100,58.61550028453293,51.51897456565234,100,-0.1531729400525137,0,5
100,66.4847488522696,100,100,100,60.109792738146474,100,100,-0.15816686968832983,0,5
100,56.82549058937894,100,100,100,61.604085191760014,100,100,-0.16349740928592382,0,5
100,47.16623232648827,100,100,100,63.09837764537356,100,100,-0.16919977892928273,0,5
100,37.5069740635976,100,100,100,64.5926700989871,100,100,-0.17531428976724328,0,5
100,29.383091285324422,100,100,100,66.08696255260064,100,100,-0.18188729839141615,0,5
100,27.888798831710886,100,100,100,67.58125500621419,100,100,-0.18897238426683316,0,5
100,26.394506378097333,100,100,100,69.07554745982772,100,100,-0.1966318134994367,0,5
100,24.9002139244838,100,100,100,70.56983991344126,100,100,-0.2049383736110144,0,5
100,23.40592147087026,100,100,100,72.0641323670548,100,100,-0.21397769386874188,0,5
100,21.91162901725671,100,100,100,73.55842482066835,100,100,-0.22385120799907554,0,5
100,20.417336563643175,17.271437891642986,100,100,75.05271727428189,100,100,-0.23467997680614872,0,5
100,18.92304411002964,15.931691929487268,100,100,76.54700972789541,100,100,-0.24660967667193745,0,5
100,17.428751656416104,14.591945967331542,100,100,79.42635030241836,100,100,-0.25981719100633427,0,5
100,15.93445920280255,13.252200005175826,100,100,89.08560856530897,100,100,-0.2745194395653243,0,5
100,14.440166749189014,11.912454043020107,100,100,98.74486682819969,100,100,-0.29098538520554484,0,5
100,12.945874295575477,10.57270808086439,100,100,100,100,100,-0.30955263723529924,0,5
100,11.451581841961934,9.232962118708665,27.15522965300011,100,100,100,100,-0.33065084428506,0,5
100,9.95728938834839,7.893216156552946,24.567039201974694,100,100,100,100,-0.3548353526930441,0,5
100,8.462996934734853,6.55347019439723,21.97884875094928,100,100,100,100,-0.3828368006740561,0,5
100,6.968704481121311,5.213724232241511,19.390658299923874,100,100,100,100,-0.4156362045828814,0,5
100,5.474412027507774,3.87397827008579,16.802467848898456,100,100,100,100,-0.45458225644216554,0,5
100,100,2.5342323079300724,14.214277397873053,100,100,100,100,-0.5015813789590879,0,5
95.58836999541548,100,1.1944863457744133,11.626086946847636,100,100,100,100,-0.5594192587329303,0,5
90.58836999541546,100,0.9694230421999647,9.037896495822219,100,100,100,100,-0.6323337966525742,0,5
85.58836999541548,100,19.62967708004426,6.449706044796815,100,100,100,96.61497326518263,-0.7271031870052411,0,5
80.58836999541549,100,38.28993111788861,4.431855930994613,100,100,100,91.03819790693053,-0.8552846490859451,0,5
75.58836999541552,100,56.9501851557329,10.008631289246644,100,100,100,85.4614225486785,-1.0383269982668821,0,5
70.5883699954155,100,75.61043919357725,15.585406647498676,100,100,100,79.88464719042648,154.44347955313276,0,5
65.58836999541555,100,100,21.162182005750736,100,100,100,74.30787183217444,155.5129335479573,0,5
60.58836999541555,100,100,26.738957364002765,100,100,100,68.7310964739224,156.50137890746274,0,5
55.58836999541557,100,100,32.3157327222548,100,100,100,63.15432111567038,157.41715727544727,0,5
50.58836999541557,100,100,37.89250808050686,100,100,100,57.57754575741835,158.26757757753936,0,5
45.588369995415576,97.38848443976843,100,43.469283438758886,100,100,100,52.00077039916626,159.0590579228322,0,5
40.5883699954156,87.72922617687783,100,49.046058797010915,100,100,100,46.42399504091423,159.79724752503063,0,5
100,46.56854249492384,100,32.42640687119281,20.0,32.42640687119277,20.0,32.42640687119277,39.537322967253004,5,5
100,44.47993393434979,100,35.66441778238403,25.114595126300415,29.73108738941807,20.552038443930034,37.34966613401363,34.809133806873604,0,5
100,36.7309147942831,100,42.1666168847997,30.114595126300415,30.299956098867856,20.989481761559635,38.02761746221484,35.08470528208858,0,5
100,28.981895654216316,100,48.66881598721539,35.114595126300436,30.868824808317644,21.426925079189235,38.70556879041606,35.36410296426769,0,5
100,26.886743842169146,100,55.17101508963109,40.11459512630044,31.43769351776743,21.86436839681884,39.38352011861727,35.64739353025604,0,5
100,26.31787513271936,100,61.67321419204677,45.114595126300465,32.006562227217216,22.30181171444844,40.06147144681848,35.93464476636967,0,5
100,25.749006423269584,100,68.17541329446239,50.114595126300486,32.575430936667,22.73925503207804,40.73942277501971,36.225925571023595,0,5
100,25.180137713819793,100,74.67761239687816,55.11459512630049,33.14429964611679,23.176698349707642,41.41737410322091,36.521305955867945,0,5
100,24.61126900437,100,81.17981149929382,60.11459512630051,33.713168355566566,23.614141667337247,42.095325431422125,36.820857045299675,0,5
100,24.04240029492022,16.177605267634014,87.68201060170951,65.11459512630051,34.28203706501636,24.051584984966848,42.77327675962334,37.12465107420951,0,5
100,23.47353158547043,15.740161950004412,94.18420970412512,70.11459512630049,34.85090577446614,24.489028302596452,43.451228087824546,37.432761383814096,0,5
100,22.904662876020648,15.302718632374809,100,75.11459512630046,35.41977448391593,24.926471620226053,44.12917941602576,37.74526241541585,0,5
100,22.335794166570864,14.865275314745206,100,80.11459512630044,35.98864319336572,25.363914937855657,44.80713074422698,38.06222970192232,0,5
100,21.766925457121072,14.427831997115604,100,85.11459512630043,36.557511902815506,25.80135825548526,45.48508207242821,38.38373985694835,0,5
100,21.19805674767129,13.990388679486003,27.18039621099542,90.11459512630042,37.12638061226529,26.23880157311486,46.163033400629416,38.70987056131327,0,5
100,20.62918803822151,13.552945361856402,26.50244488279421,95.1145951263004,37.69524932171507,26.67624489074446,46.84098472883063,39.040700546736076,0,5
100,20.06031932877172,13.1155020442268,25.824493554592994,100,38.26411803116485,27.113688208374064,47.51893605703183,39.37630957652007,0,5
100,19.491450619321935,12.678058726597197,25.146542226391777,100,38.83298674061464,27.551131526003665,48.196887385233055,39.71677842300852,0,5
100,18.922581909872154,12.240615408967594,24.468590898190556,100,39.40185545006443,27.988574843633266,48.874838713434265,40.06218884158096,0,5
100,18.35371320042237,11.803172091337993,23.790639569989352,100,39.97072415951422,28.42601816126287,49.552790041635475,40.412623540948886,0,5
100,46.56854249492384,100,32.42640687119281,20.0,32.42640687119277,20.0,32.42640687119277,39.537322967253004,0,5
100,39.497474683058364,100,39.497474683058286,25.0,32.42640687119277,20.0,32.42640687119277,39.842385681017504,0,5
100,32.426406871192896,100,46.56854249492376,30.0,32.42640687119277,20.0,32.42640687119277,40.151391817658094,0,5
100,32.42640687119277,100,53.639610306789244,35.0,32.42640687119277,20.0,32.42640687119277,40.46440000866278,0,5
100,32.42640687119277,100,60.71067811865471,40.0,32.42640687119277,20.0,32.42640687119277,40.78146945837267,0,5
100,32.42640687119277,100,67.78174593052019,45.0,32.42640687119277,20.0,32.42640687119277,41.10265992227326,0,5
100,32.42640687119277,100,74.8528137423857,50.0,32.42640687119277,20.0,32.42640687119277,41.42803168302308,0,5
100,32.42640687119277,100,81.92388155425117,55.00000000000001,32.42640687119277,20.0,32.42640687119277,41.757645524091885,0,5
100,32.42640687119277,20.0,88.99494936611664,60.0,32.42640687119277,20.0,32.42640687119277,42.091562700875954,0,5
100,32.42640687119277,20.0,96.06601717798213,65.0,32.42640687119277,20.0,32.42640687119277,42.42984490915353,0,5
100,32.42640687119277,20.0,100,70.0,32.42640687119277,20.0,32.42640687119277,42.772554250738864,0,5
100,32.42640687119277,20.0,100,75.0,32.42640687119277,20.0,32.42640687119277,43.11975319618992,0,5
100,32.42640687119277,20.0,100,80.0,32.42640687119277,20.0,32.42640687119277,43.47150454442078,0,5
100,32.42640687119277,20.0,100,85.0,32.42640687119277,20.0,32.42640687119277,43.82787137906493,0,5
100,32.42640687119277,20.0,100,90.0,32.42640687119277,20.0,32.42640687119277,44.188917021434435,0,5
100,32.42640687119277,20.0,32.42640687119293,95.0,32.42640687119277,20.0,32.42640687119277,44.554704979914845,0,5
100,32.42640687119277,20.0,32.42640687119293,100,32.42640687119277,20.0,32.42640687119277,44.92529889563431,0,5
100,32.42640687119277,20.0,32.42640687119293,100,32.42640687119277,20.0,32.42640687119277,45.30076248424348,0,5
100,32.42640687119277,20.0,32.42640687119293,100,32.42640687119277,20.0,32.42640687119277,45.68115947364015,0,5
100,32.42640687119277,20.0,32.42640687119293,100,32.42640687119277,20.0,32.42640687119277,46.06655353747291,0,5
100,32.42640687119277,20.0,32.42640687119293,100,32.42640687119277,20.0,32.42640687119277,46.45700822425738,0,5
100,100,20.0,32.42640687119293,100,32.42640687119277,20.0,32.42640687119277,46.85258688193909,0,5
100,100,20.0,32.42640687119293,100,32.42640687119277,20.0,32.42640687119277,47.253352577739435,0,5
100,100,20.0,32.42640687119293,100,32.42640687119277,20.0,32.42640687119277,47.65936801312293,0,5
100,100,20.0,32.42640687119293,100,32.42640687119277,20.0,32.42640687119277,48.070695433728446,0,5
100,100,20.0,32.42640687119293,100,32.42640687119277,20.0,32.42640687119277,48.48739653411184,0,5
100,100,20.0,32.42640687119293,100,32.42640687119277,20.0,32.42640687119277,48.90953235715358,0,5
100,100,100,32.42640687119293,100,32.42640687119277,20.0,32.42640687119277,49.33716318799375,0,5
100,100,100,32.42640687119293,100,32.42640687119277,20.0,32.42640687119277,49.770348442365105,0,5
100,100,100,32.42640687119293,100,32.42640687119277,20.0,32.42640687119277,50.20914654920742,0,5
100,100,100,32.42640687119293,100,32.42640687119277,20.0,32.42640687119277,50.6536148274586,0,5
100,100,100,32.42640687119293,100,32.42640687119277,20.0,32.42640687119277,51.10380935693394,0,5
100,100,100,32.42640687119293,100,32.42640687119277,20.0,32.42640687119277,51.559784843221905,0,5
100,100,100,39.497474683058286,100,32.42640687119277,20.0,32.42640687119277,52.02159447654479,0,5
100,100,100,46.56854249492376,100,32.42640687119277,20.0,32.42640687119277,52.48928978455481,0,5
100,100,100,53.639610306789244,100,32.42640687119277,20.0,32.42640687119277,52.96292047906037,0,5
100,100,100,60.71067811865479,100,32.42640687119277,20.0,32.42640687119277,53.44253429670576,0,5
100,100,100,67.78174593052027,100,32.42640687119277,20.0,32.42640687119277,53.92817683365632,0,5
100,100,100,74.8528137423857,100,32.42640687119277,20.0,32.42640687119277,54.41989137437545,0,5
100,100,100,81.92388155425118,100,32.42640687119277,20.0,32.42640687119277,54.91771871461508,0,5
100,100,100,88.99494936611666,100,32.42640687119277,20.0,32.42640687119277,55.421696978780446,0,5
100,100,100,96.06601717798213,100,32.42640687119277,20.0,32.42640687119277,55.93186143187239,0,5
100,100,100,100,100,32.42640687119277,20.0,32.42640687119277,56.44824428625509,0,5
95.0,100,100,100,100,32.42640687119277,20.0,32.42640687119277,56.970874503545176,0,5
90.0,100,100,100,100,32.42640687119277,20.0,32.42640687119277,57.4997775919702,0,5
85.0,100,100,100,100,32.42640687119277,20.0,32.42640687119277,58.03497539959696,0,5
80.0,100,100,100,100,32.42640687119277,20.0,32.42640687119277,58.57648590388773,0,5
75.0,100,100,100,100,32.42640687119277,20.0,32.42640687119277,59.124322998101476,0,5
70.0,100,100,100,100,32.42640687119277,20.0,32.42640687119277,59.678496275117936,0,5
65.0,100,100,100,100,32.42640687119277,20.0,32.42640687119277,60.2390108093261,0,5
60.0,100,100,100,100,32.42640687119277,20.0,32.42640687119277,60.805866937283355,0,5
55.0,100,100,100,100,32.42640687119277,20.0,32.42640687119277,61.37906003791733,5,0
55.248289440317585,100,100,100,100,29.162218679968277,20.11459512630043,36.67171480581241,56.37906003791733,5,0
56.00272977257344,100,100,100,100,26.623237662843707,20.462798356572378,42.30340386863286,51.37906003791733,5,0
57.29295172665542,100,100,100,100,24.641016151377492,21.05828541230245,50.00000000000002,46.37906003791733,5,0
100,100,100,100,77.71413200489246,23.101337568874694,21.925333174277334,60.9860474945751,41.37906003791733,0,5
100,100,100,100,82.71413200489164,24.988224938804024,23.745184345608052,56.535384290626006,41.81684585653937,0,5
100,100,100,100,87.7141320048908,26.875112308733357,25.565035516938753,51.35120384869002,42.26223948835934,0,5
100,100,100,100,92.71413200488998,28.76199967866271,27.38488668826947,46.16702340675408,42.715385729468665,0,5
100,100,100,100,97.71413200488915,30.64888704859204,29.20473785960019,40.9828429648181,43.17643057981894,0,5
100,100,100,100,100,32.53577441852137,31.02458903093089,35.79866252288212,43.64552108063819,0,5
100,100,100,100,100,34.422661788450725,32.84444020226161,30.61448208094618,44.1228051341715,0,5
100,100,100,100,100,36.30954915838006,34.66429137359233,25.430301639010196,44.60843130460924,0,5
100,100,100,100,100,38.19643652830939,36.484142544923024,20.24612119707421,45.10254859903756,0,5
100,100,100,100,100,40.08332389823872,38.30399371625374,15.061940755138274,45.6053062272245,0,5
100,100,100,100,100,41.97021126816807,40.12384488758447,9.877760313202288,46.11685333903779,0,5
100,100,100,100,100,43.857098638097405,28.936027940592382,4.693579871266303,46.63733873828551,0,5
100,100,100,100,100,45.36660853404088,17.946118262773574,0.5462355177175443,47.060262209830825,0,5
100,100,100,100,100,45.36660853404088,17.946118262773574,0.5462355177175443,47.060262209830825,0,5
100,100,100,100,100,45.36660853404088,17.946118262773574,0.5462355177175443,47.060262209830825,0,5
100,100,100,100,100,45.36660853404088,17.946118262773574,0.5462355177175443,47.060262209830825,0,5
100,100,100,100,100,45.36660853404088,17.946118262773574,0.5462355177175443,47.060262209830825,0,5
100,100,100,100,100,45.36660853404088,17.946118262773574,0.5462355177175443,47.060262209830825,0,5
100,100,100,100,100,45.36660853404088,17.946118262773574,0.5462355177175443,47.060262209830825,0,5
100,100,100,100,100,45.36660853404088,17.946118262773574,0.5462355177175443,47.060262209830825,0,5
100,100,100,100,100,45.36660853404088,17.946118262773574,0.5462355177175443,47.060262209830825,0,5
100,100,100,100,100,45.36660853404088,17.946118262773574,0.5462355177175443,47.060262209830825,0,-5
100,100,100,100,100,43.47972116411153,31.68350536004711,5.730415959653529,46.53251947229552,0,-5
100,100,100,100,100,41.5928337941822,39.75987465331831,10.914596401589465,46.013833607986726,0,-5
100,100,100,100,100,39.705946424252865,37.940023481987616,16.09877684352545,45.50405631259429,5,0
100,100,100,100,96.59474609728784,37.940023481987616,39.70594642425299,15.17155521093309,40.50405631259429,5,0
100,100,100,100,80.09777261265391,36.63803894694222,37.30704937083786,14.487930689556116,35.50405631259429,5,0
100,100,100,100,68.5403364770648,35.74383799125974,31.238661817938205,14.018418430470783,30.504056312594287,5,0
100,100,100,100,60.08362580027864,35.22096573352585,26.79835194233715,13.743877307044784,25.504056312594287,5,0
100,100,100,100,53.70874598421109,35.04888630632695,23.451135408046266,13.653524685418915,20.504056312594287,5,0
100,100,100,100,48.8071445605802,35.22096573352585,20.877483542746837,13.743877307044784,15.504056312594287,5,0
100,100,100,100,44.994535654767915,35.74383799125974,18.87562187060126,14.018418430470783,10.504056312594287,5,0
100,100,100,100,42.017973271301365,36.63803894694222,17.312737688820146,100,5.504056312594287,5,0
100,100,100,100,39.705946424252865,37.940023481987616,16.09877684352545,100,0.5040563125942867,5,0
100,100,100,96.59474609728784,37.940023481987616,39.70594642425299,15.17155521093309,100,-4.495943687405713,5,0
100,100,100,80.09777261265391,36.63803894694222,37.30704937083786,14.487930689556116,100,-9.495943687405713,0,5
100,100,100,89.75703087554484,41.63803894694235,34.71885891981247,13.148184727400421,100,-9.614273337873954,0,5
100,100,100,99.41628913843579,46.638038946942494,32.13066846878697,11.808438765244695,100,-9.735560442059978,0,5
100,100,100,100,51.63803894694263,29.54247801776158,26.851127771085746,100,-9.85991614910472,0,5
100,100,100,100,56.63803894694277,26.95428756673619,45.51138180893063,100,-9.987457188622955,0,5
100,100,100,100,61.638038946942906,24.366097115710797,100,100,-10.118306221346018,0,5
100,100,100,100,66.63803894694303,21.777906664685407,100,100,-10.252592216208825,0,5
100,100,100,100,71.63803894694317,23.320373860104233,100,100,-10.390450856205007,0,5
100,100,100,100,76.6380389469433,28.897149218356418,100,100,-10.532024975567538,0,5
100,100,100,100,81.63803894694344,34.473924576608624,100,100,-10.677465031089696,0,5
100,100,100,100,86.63803894694358,40.050699934860845,100,100,-10.826929610691195,0,5
100,100,100,100,91.63803894694378,45.6274752931131,100,100,-10.980585982654077,0,5
100,100,100,100,96.63803894694392,51.204250651365314,100,100,-11.13861068931078,0,5
100,100,100,100,100,56.78102600961752,100,100,-11.301190189369095,0,5
100,100,100,100,100,62.357801367869705,100,100,-11.468521553503024,0,5
100,100,100,100,100,67.93457672612192,100,100,-11.640813218340327,0,5
100,100,100,100,100,73.51135208437412,100,100,-11.81828580453896,0,5
100,97.21096408184653,100,100,100,79.08812744262634,100,100,-12.001173005271312,0,5
100,91.63418872359432,100,100,100,84.66490280087852,100,100,-12.18972255214237,0,5
100,86.0574133653421,100,100,100,100,100,100,-12.38419726635999,0,5
100,80.4806380070899,100,100,100,100,100,100,-12.5848762038691,0,5
100,74.90386264883769,100,100,100,100,100,100,-12.792055904164727,0,5
100,69.32708729058547,100,100,100,100,100,100,-13.006051753632278,0,5
100,63.75031193233328,100,100,100,100,100,100,-13.227199475541966,0,5
100,58.173536574081076,100,100,100,100,100,100,-13.45585676026667,0,5
100,52.59676121582887,100,100,100,100,100,100,-13.69240505092506,0,5
100,47.01998585757665,100,100,100,100,100,100,-13.937251501498963,0,5
100,42.57409280684825,100,100,100,100,100,100,-14.19083112656233,0,5
100,45.162283257873646,100,100,100,100,100,100,-14.453609164132217,0,5
100,47.75047370889908,100,100,100,100,100,100,-14.726083675835127,0,5
100,50.33866415992448,100,100,100,100,100,100,-15.008788411633077,0,5
100,52.92685461094987,87.49132104582395,100,100,100,100,100,-15.302295969812633,0,5
100,55.515045061975265,68.83106700797907,100,100,100,100,100,-15.607221286866888,0,5
100,58.103235513000705,50.17081297013419,100,100,100,100,100,-15.924225496361657,0,5
100,60.691425964026095,31.51055893228931,100,100,100,100,100,-16.254020200937703,0,5
100,63.279616415051535,27.93232069204533,100,100,100,100,100,-16.597372207345188,0,5
100,100,29.27206665420105,100,100,100,100,100,-16.955108780915452,0,5
100,100,30.611812616356776,100,100,100,100,100,-17.32812348324984,0,5
100,100,31.951558578512486,100,100,100,100,100,-17.717382665233515,0,5
100,100,33.291304540668214,100,100,100,100,100,-18.12393269687476,0,5
100,100,34.631050502823925,100,100,100,100,100,-18.54890802602108,0,5
100,100,35.97079646497965,100,100,100,100,100,-18.993540169803055,0,5
100,100,37.310542427135374,42.76805343863736,100,100,100,100,-19.459167755772512,0,5
100,100,38.650288389291084,44.26234589225089,100,100,100,100,-19.947247744163576,0,5
100,100,39.99003435144681,45.75663834586443,100,100,100,100,-20.459367978472415,0,5
100,100,41.32978031360252,47.25093079947796,100,100,100,100,-20.99726122849188,0,5
100,100,100,48.74522325309153,100,100,100,100,-21.56282090773908,0,5
100,100,100,50.23951570670507,100,100,100,100,-22.158118665350003,0,5
100,100,100,51.7338081603186,100,100,100,100,-22.785424070081035,0,5
100,100,100,53.228100613932135,100,100,100,100,-23.447226619649996,0,5
100,100,100,54.722393067545674,100,100,100,100,-24.14626032010227,0,5
100,100,100,56.216685521159214,100,100,100,100,-24.88553108398014,0,5
100,100,100,57.71097797477275,100,100,100,100,-25.66834718804364,0,5
100,100,100,59.205270428386285,100,100,100,100,-26.4983530042565,0,5
100,100,100,60.69956288199985,100,100,100,100,-27.379566161810885,0,5
100,100,100,62.19385533561339,100,100,100,100,-28.316418199083614,0,5
100,100,100,63.688147789226925,100,100,100,100,-29.313798602888767,0,5
100,100,100,70.67549359743768,100,100,100,100,-30.377101880846453,0,5
98.53071862938562,100,100,80.33475186032867,100,100,100,100,-31.51227693366502,0,5
93.53071862938549,100,100,89.99401012321955,100,100,100,100,-32.7258774371428,0,5
88.53071862938532,100,100,99.65326838611054,100,100,100,100,-34.02511114216077,0,5
83.53071862938536,100,100,100,100,100,100,100,-35.41788486956307,0,5
78.53071862938538,100,100,100,100,100,100,100,-36.912840410856234,0,5
73.53071862938539,100,100,100,100,100,100,100,-38.51937442463179,0,5
68.5307186293854,100,100,100,100,100,100,100,-40.247632619367096,0,5
63.53071862938542,100,100,100,100,100,100,100,-42.10846493993745,0,5
58.53071862938543,100,100,100,100,100,100,100,-44.113324118018056,0,5
53.53071862938545,100,100,100,100,100,100,100,-46.27408498527586,0,5
48.53071862938545,100,100,100,100,100,100,100,-48.60275691695091,0,5
43.53071862938546,100,100,100,100,100,100,93.41340724787347,-51.11105779571096,0,5
38.530718629385476,100,100,100,100,100,100,83.75414898498283,-53.809816958228,0,5
33.53071862938549,100,100,100,100,100,100,74.09489072209217,-56.70817981897767,0,5
28.530718629385504,100,100,100,100,100,100,64.43563245920156,-59.812602454283024,0,5
23.530718629385518,100,100,100,100,100,100,54.77637419631089,-63.125654979629076,0,5
18.530718629385532,100,100,100,100,100,100,45.11711593342027,-66.64470123553843,0,5
13.530718629385547,100,100,100,100,100,100,35.457857670529606,-70.36058751969779,-5,0
14.187620858675626,100,100,100,100,100,100,43.78122739336407,-65.36058751969779,-5,0
15.07859819850107,100,100,100,100,100,100,56.45494213954094,-60.36058751969779,-5,0
16.245106362863947,100,100,100,100,100,100,77.8178374634744,-55.36058751969779,-5,0
17.74689875185879,100,100,100,100,100,100,100,-50.36058751969779,-5,0
19.670509380269316,12.815749650949837,100,100,100,100,100,100,-45.36058751969779,-5,0
22.143559417044408,12.72892883526481,100,100,100,100,100,100,-40.36058751969779,-5,0
25.35993614803615,12.815749650949837,100,100,100,100,100,100,-35.36058751969779,-5,0
29.626678145742364,13.079559198985155,100,100,100,100,100,100,-30.360587519697788,-5,0
35.457857670529606,13.530718629385547,100,100,100,100,100,100,-25.360587519697788,-5,0
43.78122739336407,14.187620858675626,100,100,100,100,100,100,-20.360587519697788,-5,0
56.45494213954094,15.07859819850107,100,100,100,100,100,100,-15.360587519697788,-5,0
77.8178374634744,16.245106362863947,100,100,100,100,100,100,-10.360587519697788,-5,0
100,17.74689875185879,100,100,100,100,100,100,-5.360587519697788,0,5
100,16.686972338456144,12.197924295442816,100,100,100,100,100,-5.767015341182969,0,5
100,15.627045925053531,11.316289391900472,100,100,100,100,100,-6.239864276496235,0,5
100,14.567119511650885,10.434654488358131,100,100,100,100,100,-6.796782033763634,0,5
100,13.507193098248239,9.553019584815788,100,100,100,100,100,-7.462236260639543,0,5
100,12.447266684845625,8.671384681273446,22.05801917277093,100,100,100,100,-8.271135126758622,0,5
100,11.38734027144298,7.789749777731104,20.54428737817665,100,100,100,100,-9.275004507972312,0,5
100,10.327413858040334,6.908114874188762,19.030555583582327,100,100,100,100,-10.55307915848823,0,5
100,9.267487444637688,6.026479970646419,17.51682378898805,100,100,100,100,-12.233475828979635,0,5
100,8.207561031235075,5.144845067104078,16.00309199439377,100,100,100,100,-14.536737293078772,0,5
100,7.147634617832429,4.263210163561736,14.489360199799492,100,100,100,100,-17.87391538944621,0,5
100,6.0877082044297826,3.3815752600193933,12.975628405205166,100,100,100,100,-157.39768719786395,0,5
100,5.027781791027169,2.4999403564770613,11.461896610610887,100,100,100,100,-157.66696229787743,0,5
100,3.967855377624524,1.6183054529347192,9.948164816016611,100,100,100,100,-157.9302140573786,0,5
100,2.907928964221878,0.7366705493923773,8.434433021422285,100,100,100,100,-158.18763159174796,0,5
100,2.271973116180303,0.20768960726697203,7.526193944665718,100,100,100,100,-158.3393575955662,-5,0
100,3.122752806154552,0.09101120979150232,5.639087801460405,100,100,100,100,-153.3393575955662,-5,0
100,4.216540037574013,0.052611865578654715,4.216540037574054,100,100,100,100,-148.3393575955662,-5,0
100,5.639087801460405,0.09101120979150232,3.122752806154552,100,100,100,100,-143.33935759556618,-5,0
100,7.526193944665718,0.20768960726697203,2.271973116180303,47.890684489993745,100,100,100,-138.33935759556618,-5,0
100,100,0.40722961534134244,1.607756333301302,28.84030969048941,100,100,100,-133.33935759556618,-5,0
100,100,0.697766102676416,1.0918299603798358,19.391870805710518,100,100,100,-128.33935759556618,-5,0
100,100,1.0918299603798358,0.697766102676416,13.78650611114981,100,100,100,-123.33935759556618,-5,0
100,46.56854249492384,100,32.42640687119281,20.0,32.42640687119277,20.0,32.42640687119277,57.66062292025873,-5,0
100,42.21629157329115,100,36.671714805812385,20.114595126300422,29.16221867996835,20.114595126300433,29.162218679968287,62.66062292025873,-5,0
100,42.30340386863287,100,42.30340386863293,20.462798356572353,26.623237662843653,20.462798356572378,26.62323766284371,67.66062292025873,-5,0
100,49.99999999999998,100,49.999999999999964,21.058285412302503,24.641016151377524,21.058285412302457,24.641016151377503,72.66062292025873,-5,0
77.71413200489273,60.98604749457507,100,60.986047494574976,21.925333174277377,23.10133756887477,21.925333174277334,23.101337568874815,77.66062292025873,-5,0
60.98604749457507,77.7141320048927,84.64806332609992,77.71413200489266,23.101337568874765,21.92533317427738,23.101337568874694,21.925333174277334,82.66062292025873,-5,0
50.0,100,69.99999999999999,100,24.641016151377528,21.058285412302503,24.641016151377496,21.058285412302457,87.66062292025873,-5,0
42.303403868632856,100,59.73787182484393,100,26.623237662843653,20.462798356572353,26.623237662843707,20.462798356572378,92.66062292025873,-5,0
36.67171480581242,100,52.22895307441647,100,29.16221867996835,20.114595126300422,29.162218679968287,20.11459512630043,97.66062292025873,-5,0
32.42640687119277,100,46.56854249492384,100,32.42640687119281,20.0,32.42640687119277,20.0,102.66062292025873,-5,0
29.162218679968287,100,42.21629157329115,100,36.671714805812385,20.114595126300422,29.16221867996835,20.114595126300433,107.66062292025873,-5,0
26.62323766284371,100,42.30340386863287,100,42.30340386863293,20.462798356572353,26.623237662843653,20.462798356572378,112.66062292025873,-5,0
24.641016151377503,100,49.99999999999998,100,49.999999999999964,21.058285412302503,24.641016151377524,21.058285412302457,117.66062292025873,-5,0
23.101337568874815,77.71413200489273,60.98604749457507,100,60.986047494574976,21.925333174277377,23.10133756887477,21.925333174277334,122.66062292025873,-5,0
21.925333174277334,60.98604749457507,77.7141320048927,84.64806332609992,77.71413200489266,23.101337568874765,21.92533317427738,23.101337568874694,127.66062292025873,-5,0
21.058285412302457,50.0,100,69.99999999999999,100,24.641016151377528,21.058285412302503,24.641016151377496,132.66062292025873,5,0
21.925333174277334,60.98604749457507,77.7141320048927,84.64806332609992,77.71413200489266,23.101337568874765,21.92533317427738,23.101337568874694,127.66062292025873,5,0
23.101337568874815,77.71413200489273,60.98604749457507,100,60.986047494574976,21.925333174277377,23.10133756887477,21.925333174277334,122.66062292025873,5,0
24.641016151377503,100,49.99999999999998,100,49.999999999999964,21.058285412302503,24.641016151377524,21.058285412302457,117.66062292025873,5,0
26.62323766284371,100,42.30340386863287,100,42.30340386863293,20.462798356572353,26.623237662843653,20.462798356572378,112.66062292025873,5,0
29.162218679968287,100,42.21629157329115,100,36.671714805812385,20.114595126300422,29.16221867996835,20.114595126300433,107.66062292025873,5,0
32.42640687119277,100,46.56854249492384,100,32.42640687119281,20.0,32.42640687119277,20.0,102.66062292025873,5,0
36.67171480581242,100,52.22895307441647,100,29.16221867996835,20.114595126300422,29.162218679968287,20.11459512630043,97.66062292025873,5,0
42.303403868632856,100,59.73787182484393,100,26.623237662843653,20.462798356572353,26.623237662843707,20.462798356572378,92.66062292025873,5,0
50.0,100,69.99999999999999,100,24.641016151377528,21.058285412302503,24.641016151377496,21.058285412302457,87.66062292025873,5,0
60.98604749457507,77.7141320048927,84.64806332609992,77.71413200489266,23.101337568874765,21.92533317427738,23.101337568874694,21.925333174277334,82.66062292025873,5,0
77.71413200489273,60.98604749457507,100,60.986047494574976,21.925333174277377,23.10133756887477,21.925333174277334,23.101337568874815,77.66062292025873,5,0
100,49.99999999999998,100,49.999999999999964,21.058285412302503,24.641016151377524,21.058285412302457,24.641016151377503,72.66062292025873,5,0
100,42.30340386863287,100,42.30340386863293,20.462798356572353,26.623237662843653,20.462798356572378,26.62323766284371,67.66062292025873,5,0
100,42.21629157329115,100,36.671714805812385,20.114595126300422,29.16221867996835,20.114595126300433,29.162218679968287,62.66062292025873,5,0
100,46.56854249492384,100,32.42640687119281,20.0,32.42640687119277,20.0,32.42640687119277,57.66062292025873,5,0
100,52.22895307441647,100,29.16221867996835,20.114595126300422,29.162218679968287,20.11459512630043,36.67171480581242,52.66062292025873,5,0
100,59.73787182484393,100,26.623237662843653,20.462798356572353,26.623237662843707,20.462798356572378,42.303403868632856,47.66062292025873,5,0
100,69.99999999999999,100,24.641016151377528,21.058285412302503,24.641016151377496,21.058285412302457,50.0,42.66062292025873,5,0
77.7141320048927,84.64806332609992,77.71413200489266,23.101337568874765,21.92533317427738,23.101337568874694,21.925333174277334,60.98604749457507,37.66062292025873,5,0
60.98604749457507,100,60.986047494574976,21.925333174277377,23.10133756887477,21.925333174277334,23.101337568874815,77.71413200489273,32.66062292025873,5,0
49.99999999999998,100,49.999999999999964,21.058285412302503,24.641016151377524,21.058285412302457,24.641016151377503,100,27.66062292025873,5,0
42.30340386863287,100,42.30340386863293,20.462798356572353,26.623237662843653,20.462798356572378,26.62323766284371,100,22.66062292025873,5,0
42.21629157329115,100,36.671714805812385,20.114595126300422,29.16221867996835,20.114595126300433,29.162218679968287,100,17.66062292025873,5,0
46.56854249492384,100,32.42640687119281,20.0,32.42640687119277,20.0,32.42640687119277,100,12.660622920258731,5,0
52.22895307441647,100,29.16221867996835,20.114595126300422,29.162218679968287,20.11459512630043,36.67171480581242,100,7.6606229202587315,5,0
59.73787182484393,100,26.623237662843653,20.462798356572353,26.623237662843707,20.462798356572378,42.303403868632856,100,2.6606229202587315,5,0
69.99999999999999,100,24.641016151377528,21.058285412302503,24.641016151377496,21.058285412302457,50.0,100,-2.3393770797412685,5,0
84.64806332609992,77.71413200489266,23.101337568874765,21.92533317427738,23.101337568874694,21.925333174277334,60.98604749457507,77.7141320048927,-7.3393770797412685,5,0
100,60.986047494574976,21.925333174277377,23.10133756887477,21.925333174277334,23.101337568874815,77.71413200489273,60.98604749457507,-12.339377079741269,5,0
100,49.999999999999964,21.058285412302503,24.641016151377524,21.058285412302457,24.641016151377503,100,49.99999999999998,-17.33937707974127,5,0
100,42.30340386863293,20.462798356572353,26.623237662843653,20.462798356572378,26.62323766284371,100,42.30340386863287,-22.33937707974127,5,0
100,36.671714805812385,20.114595126300422,29.16221867996835,20.114595126300433,29.162218679968287,100,42.21629157329115,-27.33937707974127,0,5
100,37.34966613401362,20.552038443930037,29.73108738941816,25.1145951263002,35.664417782383644,100,41.64742286384135,-28.01204274795475,0,5
100,38.02761746221484,20.989481761559663,30.299956098867963,30.114595126299964,42.16661688479901,100,41.07855415439154,-28.71576790333762,0,5
100,38.70556879041607,21.426925079189278,30.868824808317765,35.11459512629973,48.66881598721438,100,40.509685444941745,-29.45252680580188,0,5
100,39.3835201186173,21.864368396818904,31.437693517767567,40.1145951262995,55.17101508962975,100,39.940816735491936,-30.224439640675598,0,5
100,40.06147144681857,22.30181171444852,32.00656222721737,45.114595126299264,61.67321419204509,100,39.37194802604213,-31.033782603365864,0,5
100,40.739422775019804,22.73925503207814,32.57543093666725,50.11459512629904,68.17541329446045,100,38.80307931659229,-31.88299811299288,0,5
100,41.41737410322108,23.176698349707767,33.144299646117055,55.1145951262988,74.67761239687582,27.090690278326555,38.23421060714248,-32.77470493734165,0,5
100,42.0953254314223,23.614141667337385,33.713168355566864,60.11459512629857,81.17981149929118,26.65324696069694,37.66534189769268,-33.7117079292658,0,5
100,42.77327675962353,24.051584984966997,34.28203706501666,65.11459512629834,87.68201060170654,26.21580364306732,37.096473188242875,-34.69700696998103,0,5
100,43.45122808782476,24.48902830259662,34.85090577446647,70.11459512629821,94.18420970412205,25.7783603254377,36.527604478793066,-35.7338045827625,0,5
100,44.129179416026034,24.926471620226245,35.41977448391628,75.11459512629821,100,25.340917007808077,35.95873576934326,-36.82551151625938,0,5
100,44.80713074422726,25.36391493785586,35.98864319336608,80.11459512629833,100,24.903473690178465,35.38986705989346,-37.975749394722584,0,5
100,45.48508207242848,25.801358255485475,36.55751190281588,85.11459512629833,100,24.46603037254884,34.82099835044362,-39.18834928819365,0,5
100,46.163033400629715,26.2388015731151,37.12638061226565,90.11459512629843,100,24.02858705491922,34.252129640993815,-40.467344765941675,0,5
100,46.840984728830996,26.676244890744723,37.6952493217155,95.11459512629848,42.05968315139786,23.591143737289595,33.683260931544005,-41.816957661106585,0,5
100,47.51893605703222,27.113688208374338,38.26411803116526,100,41.38173182319659,23.15370041965998,33.1143922220942,-43.24157439908447,0,5
100,48.196887385233445,27.551131526003957,38.832986740615105,100,40.70378049499541,22.716257102030365,32.5455235126444,-44.74571034103701,0,5
100,48.87483871343473,27.988574843633582,39.40185545006494,100,40.02582916679413,22.27881378440074,31.97665480319459,-46.33395919488993,0,5
100,49.55279004163595,28.426018161263208,39.97072415951475,100,39.34787783859294,21.841370466771114,100,-48.01092419637973,0,5
100,50.230741369837176,28.86346147889282,40.53959286896452,100,38.669926510391676,21.4039271491415,100,-49.7811275350341,0,5
100,50.90869269803845,29.30090479652244,41.10846157841436,100,37.99197518219045,20.96648383151188,100,-51.648894499604125,0,5
100,51.58664402623968,29.73834811415206,41.677330287864166,100,37.31402385398917,20.529040513882258,100,-53.61820918613989,0,5
100,52.264595354440914,30.175791431781683,42.246198997313975,100,36.636072525787945,20.091597196252636,100,-55.69253952645681,0,5
100,52.94254668264214,30.6132347494113,42.81506770676378,100,35.95812119758667,19.65415387862302,100,-57.87463105493407,0,5
100,53.620498010843406,31.050678067040916,43.38393641621358,100,35.28016986938549,41.910948364768785,100,-60.166271430304846,0,5
100,54.29844933904464,31.488121384670535,43.95280512566339,100,34.602218541184214,99.06120987857622,100,-62.5680313987603,0,5
100,54.97640066724592,31.925564702300164,44.521673835113226,100,33.92426721298298,100,100,-65.07899261651642,0,5
100,55.654351995447094,32.36300801992977,45.090542544562986,100,33.246315884781716,100,100,-67.6964782922986,0,5
100,56.33230332364836,32.80045133755937,45.659411254012774,100,32.5683645565805,100,100,-70.41580836738126,0,5
100,57.01025465184953,33.23789465518898,46.228279963462576,100,31.890413228379277,100,100,-73.23010592582477,0,5
100,57.688205980050746,33.675337972818575,46.79714867291236,100,34.91929745501077,100,100,-76.13018436801048,0,5
100,58.366157308251964,34.112781290448176,47.36601738236215,100,41.42149655742651,100,100,-79.10454408828889,0,5
100,59.04410863645318,34.55022460807778,47.93488609181194,100,47.923695659842245,100,100,-82.13950172324422,-5,0
100,67.37538493684065,35.06534134973787,44.178827804653885,100,44.1683628753575,100,100,-77.13950172324422,-5,0
100,78.76139510672691,35.94627904698128,41.24641535851557,100,41.238604893272985,100,100,-72.13950172324422,-5,0
100,95.013676812181,37.22895186326553,38.96868170853396,100,50.62043400849394,100,100,-67.13950172324422,-5,0
100,100,38.96868170853395,37.22895186326554,95.01367681218095,64.90582922258474,94.99339286091202,100,-62.13950172324422,-5,0
100,100,41.24641535851558,35.94627904698128,78.76139510672708,88.9853835388677,78.74425037027403,100,-57.13950172324422,-5,0
100,100,44.178827804653885,35.06534134973787,67.37538493684069,100,67.36043946892536,100,-52.13950172324422,-5,0
100,100,47.93488609181195,34.55022460807778,59.04410863645318,100,59.03077239895058,100,-47.13950172324422,-5,0
100,100,52.763784387545115,34.3806975533635,52.763784387545115,100,52.751661228137536,100,-42.13950172324422,-5,0
100,100,59.04410863645318,34.55022460807778,47.93488609181194,100,47.923695659842245,100,-37.13950172324422,-5,0
100,100,67.37538493684065,35.06534134973787,44.178827804653885,100,44.1683628753575,100,-32.13950172324422,-5,0
100,100,78.76139510672691,35.94627904698128,41.24641535851557,100,41.238604893272985,100,-27.139501723244223,-5,0
100,100,95.013676812181,37.22895186326553,38.96868170853396,100,50.62043400849394,100,-22.139501723244223,-5,0
100,100,100,38.96868170853395,37.22895186326554,95.01367681218095,64.90582922258474,94.99339286091202,-17.139501723244223,-5,0
100,100,100,41.24641535851558,35.94627904698128,78.76139510672708,88.9853835388677,78.74425037027403,-12.139501723244223,-5,0
100,100,100,44.178827804653885,35.06534134973787,67.37538493684069,100,67.36043946892536,-7.139501723244223,-5,0
100,100,100,47.93488609181195,34.55022460807778,59.04410863645318,100,59.03077239895058,-2.139501723244223,0,5
100,100,100,54.437085194227635,39.5502246080778,66.79312777651992,100,59.70872372715179,-2.2613983437461798,0,5
100,100,100,60.93928429664333,44.55022460807781,74.54214691658666,100,60.38667505535302,-2.398015495681193,0,5
100,100,100,67.44148339905898,49.55022460807782,82.29116605665341,100,61.06462638355422,-2.5521891859507377,0,5
100,100,100,73.94368250147467,54.55022460807784,90.04018519672015,55.347483771567894,61.74257771175542,-2.7275333263573884,0,5
100,100,100,80.44588160389037,59.55022460807787,97.7892043367869,36.72883608294532,62.420529039956655,-2.928725839666754,0,5
100,100,100,86.94808070630606,64.55022460807785,100,37.16627940057493,63.09848036815785,-3.161930924487706,0,5
100,100,100,93.45027980872173,69.55022460807784,100,37.60372271820453,63.776431696359076,-3.43543949022785,0,5
100,100,100,99.95247891113736,74.55022460807783,100,38.04116603583413,64.45438302456029,-3.7606714516295483,0,5
100,100,100,100,79.55022460807781,100,38.47860935346373,65.13233435276149,-4.153802746400345,0,5
100,100,100,100,84.5502246080778,100,38.91605267109334,65.81028568096272,-4.638522891255263,0,5
100,100,100,100,89.55022460807777,100,39.35349598872294,66.48823700916395,-5.250956627116352,0,5
100,100,100,100,94.55022460807776,100,39.79093930635254,100,-6.049020501975633,0,5
100,100,100,100,99.55022460807773,100,40.22838262398214,100,-7.131671450799104,0,5
100,100,100,100,100,55.887857592139255,40.66582594161174,100,-8.682739795483428,0,5
100,100,100,100,100,56.456726301589036,41.103269259241344,100,-133.09485844368868,-5,0
100,100,100,100,100,100,40.9088058912111,100,-128.09485844368868,-5,0
100,100,100,100,100,100,41.103269259241344,100,-123.09485844368868,-5,0
100,100,100,100,100,100,41.69415628126157,52.14817657618005,-118.09485844368868,-5,0
100,100,100,100,100,100,42.704674112291386,48.7844255708263,-113.09485844368868,-5,0
100,100,100,100,100,100,44.1760196527176,46.17165230110995,-108.09485844368868,-5,0
100,100,100,100,100,100,46.17165230110994,44.1760196527176,-103.09485844368868,-5,0
100,100,100,100,100,100,48.78442557082628,42.704674112291386,-98.09485844368868,-5,0
100,100,100,100,100,100,52.14817657618005,41.69415628126157,-93.09485844368868,-5,0
100,100,100,100,100,100,56.456726301589036,41.103269259241344,-88.09485844368868,-5,0
100,100,100,100,100,100,100,40.9088058912111,-83.09485844368868,-5,0
100,100,100,100,100,100,100,41.103269259241344,-78.09485844368868,-5,0
52.14817657618005,100,100,100,100,100,100,41.69415628126157,-73.09485844368868,-5,0
48.7844255708263,100,100,100,100,100,100,42.704674112291386,-68.09485844368868,-5,0
46.17165230110995,100,100,100,100,100,100,44.1760196527176,-63.09485844368868,-5,0
44.1760196527176,100,100,100,100,100,100,46.17165230110994,-58.09485844368868,-5,0
42.704674112291386,100,100,100,100,100,100,48.78442557082628,-53.09485844368868,-5,0
41.69415628126157,100,100,100,100,100,100,52.14817657618005,-48.09485844368868,-5,0
41.103269259241344,100,100,100,100,100,100,56.456726301589036,-43.09485844368868,-5,0
40.9088058912111,100,100,100,100,100,100,100,-38.09485844368868,-5,0
41.103269259241344,100,100,100,100,100,100,100,-33.09485844368868,-5,0
41.69415628126157,52.14817657618005,100,100,100,100,100,100,-28.09485844368868,-5,0
42.704674112291386,48.7844255708263,100,100,100,100,100,100,-23.09485844368868,0,5
37.70467411229125,43.207650212574094,100,100,100,100,100,100,-26.886616229532194,0,5
32.704674112291116,37.630874854321895,100,100,100,100,100,100,-174.15067879771175,0,5
27.70467411229098,32.05409949606969,100,100,100,100,100,100,-174.22522534995994,5,0
26.98175444443646,34.46051102574796,100,100,100,100,100,100,-179.22522534995994,5,0
26.55903666887471,37.54282708270772,100,100,100,100,100,46.659334977902155,175.77477465004006,5,0
26.419918496874686,41.50554267880292,100,100,100,100,100,41.50554267880292,170.77477465004006,5,0
26.559036668874707,46.659334977902155,100,100,100,100,100,37.54282708270772,165.77477465004006,5,0
26.98175444443646,100,100,100,100,100,100,34.46051102574797,160.77477465004006,5,0
27.70467411229098,100,100,100,100,100,100,32.054099496069675,155.77477465004006,5,0
28.757267739758344,100,100,100,100,100,100,30.184933879865152,150.77477465004006,5,0
30.184933879865152,100,100,100,100,100,100,28.757267739758344,145.77477465004006,5,0
32.05409949606969,100,100,100,100,100,100,27.70467411229098,140.77477465004006,5,0
34.46051102574796,100,100,100,100,100,100,26.98175444443646,135.77477465004006,5,0
37.54282708270772,100,100,100,100,100,46.659334977902155,26.55903666887471,130.77477465004006,5,0
41.50554267880292,100,100,100,100,100,41.50554267880292,26.419918496874686,125.77477465004006,5,0
46.659334977902155,100,100,100,100,100,37.54282708270772,26.559036668874707,120.77477465004006,5,0
100,100,100,100,100,100,34.46051102574797,26.98175444443646,115.77477465004006,5,0
100,100,100,100,100,100,32.054099496069675,27.70467411229098,110.77477465004006,5,0
100,100,100,100,100,100,30.184933879865152,28.757267739758344,105.77477465004006,5,0
100,100,100,100,100,100,28.757267739758344,30.184933879865152,100.77477465004006,5,0
100,100,100,100,100,100,27.70467411229098,32.05409949606969,95.77477465004006,5,0
100,100,100,100,100,100,26.98175444443646,34.46051102574796,90.77477465004006,5,0
100,100,100,100,100,46.659334977902155,26.55903666887471,37.54282708270772,85.77477465004006,5,0
100,100,100,100,100,41.50554267880292,26.419918496874686,41.50554267880292,80.77477465004004,5,0
100,100,100,100,100,37.54282708270772,26.559036668874707,46.659334977902155,75.77477465004004,5,0
